SET SQL_MODE = "NO_AUTO_VALUE_ON_ZERO";
SET AUTOCOMMIT = 0;
START TRANSACTION;
SET time_zone = "+00:00";

/*!40101 SET @OLD_CHARACTER_SET_CLIENT=@@CHARACTER_SET_CLIENT */;
/*!40101 SET @OLD_CHARACTER_SET_RESULTS=@@CHARACTER_SET_RESULTS */;
/*!40101 SET @OLD_COLLATION_CONNECTION=@@COLLATION_CONNECTION */;
/*!40101 SET NAMES utf8mb4 */;

CREATE DATABASE IF NOT EXISTS `lab6` DEFAULT CHARACTER SET utf8mb4 COLLATE utf8mb4_general_ci;
USE `lab6`;

CREATE TABLE IF NOT EXISTS `customer` (
  `NAME` varchar(20) NOT NULL,
  `ADDRESS` varchar(20) DEFAULT NULL,
  `STATE` varchar(20) DEFAULT NULL,
  `ZIP` int(11) DEFAULT NULL,
  `PHONE` varchar(20) DEFAULT NULL,
  `REMARKS` varchar(20) DEFAULT NULL,
  PRIMARY KEY (`NAME`)
) ENGINE=InnoDB DEFAULT CHARSET=utf8mb4;

INSERT INTO `customer` (`NAME`, `ADDRESS`, `STATE`, `ZIP`, `PHONE`, `REMARKS`) VALUES
('AAA BIKE', '10 OLDTOWN', 'NE', 56784, '555-3421', 'JOHN-MGR'),
('BIKE SPEC', 'CPT SHRIVE', 'LA', 45678, '555-1234', 'NONE'),
('JACKS BIKE', '24 EGLIN', 'FL', 34567, '555-2314', 'NONE'),
('LE SHOPPE', 'HOMETOWN', 'KS', 54678, '555-1278', 'NONE'),
('TRUE WHEEL', '550 HUSKER', 'NE', 58702, '555-4545', 'NONE');

CREATE TABLE IF NOT EXISTS `orders` (
  `ORDEREDON` varchar(20) NOT NULL,
  `NAME` varchar(20) NOT NULL,
  `PARTNUM` int(11) NOT NULL,
  `QUANTITY` int(11) DEFAULT NULL,
  `REMARKS` varchar(20) DEFAULT NULL,
  PRIMARY KEY (`ORDEREDON`,`NAME`,`PARTNUM`)
) ENGINE=InnoDB DEFAULT CHARSET=utf8mb4;

INSERT INTO `orders` (`ORDEREDON`, `NAME`, `PARTNUM`, `QUANTITY`, `REMARKS`) VALUES
('1-JUL-1996', 'AAA BIKE', 46, 14, 'PAID'),
('1-JUL-1996', 'AAA BIKE', 76, 4, 'PAID'),
('1-JUN-1996', 'AAA BIKE', 10, 1, 'PAID'),
('1-JUN-1996', 'LE SHOPPE', 10, 3, 'PAID'),
('11-JUL-1996', 'JACKS BIKE', 76, 14, 'PAID'),
('15-MAY-1996', 'TRUE WHEEL', 23, 6, 'PAID'),
('17-JAN-1996', 'BIKE SPEC', 76, 11, 'PAID'),
('17-JAN-1996', 'LE SHOPPE', 76, 5, 'PAID'),
('19-MAY-1996', 'TRUE WHEEL', 76, 3, 'PAID'),
('2-SEP-1996', 'TRUE WHEEL', 10, 1, 'PAID'),
('30-JUN-1996', 'BIKE SPEC', 54, 10, 'PAID'),
('30-JUN-1996', 'TRUE WHEEL', 42, 8, 'PAID'),
('30-MAY-1996', 'BIKE SPEC', 10, 2, 'PAID'),
('30-MAY-1996', 'BIKE SPEC', 23, 8, 'PAID');

CREATE TABLE IF NOT EXISTS `part` (
  `PARTNUM` int(11) NOT NULL,
  `DESCRIPTION` varchar(20) DEFAULT NULL,
  `PRICE` float DEFAULT NULL,
  PRIMARY KEY (`PARTNUM`)
) ENGINE=InnoDB DEFAULT CHARSET=utf8mb4;

INSERT INTO `part` (`PARTNUM`, `DESCRIPTION`, `PRICE`) VALUES
(10, 'TANDEM', 1200),
(23, 'MOUNTAIN BIKE', 350.45),
(42, 'SEATS', 24.5),
(46, 'TIRES', 15.25),
(54, 'PEDALS', 54.25),
(76, 'ROAD BIKE', 530);
COMMIT;

/*!40101 SET CHARACTER_SET_CLIENT=@OLD_CHARACTER_SET_CLIENT */;
/*!40101 SET CHARACTER_SET_RESULTS=@OLD_CHARACTER_SET_RESULTS */;
/*!40101 SET COLLATION_CONNECTION=@OLD_COLLATION_CONNECTION */;
